index,oid,url,image,title
0,1,https://openai.com/index/new-tools-for-building-agents/,https://images.ctfassets.net/kftzwdyauwt9/21TAeUtXqpbK8tuuofR8L5/e15dd37c788330cf3cd1b0fc66c1ee41/API_Agents_Art_16.9.png,New tools for building agents
1,2,https://openai.com/index/introducing-nextgenai/,https://images.ctfassets.net/kftzwdyauwt9/2Dlh4DTzuxxwdI327oZVha/ec50b7461d277a8176d83794bd955845/NextGenAI_1x1-1.png,Introducing NextGenAI
2,3,https://openai.com/global-affairs/1000-scientist-ai-jam-session/,https://images.ctfassets.net/kftzwdyauwt9/4e6WdVrK2fDoDOmO8TF0Se/bb2f5cf19967ba67159b1ee3c3a4bb6d/1000_Scientists_Jam_1x1.png,"1,000 Scientist AI Jam Session"
3,4,https://openai.com/index/gpt-4-5-system-card/,https://images.ctfassets.net/kftzwdyauwt9/5jSH3dN0b3hrU7Zuih4iP5/794c3e70f1d4619ee210878f56496e62/GPT-4.5_system_card_1.1.png,OpenAI GPT-4.5 System Card
4,5,https://openai.com/index/introducing-gpt-4-5/,https://images.ctfassets.net/kftzwdyauwt9/2Au3X2ZJrqfiuP0lJ0qg0T/03afeccdf5f6a424e36ca75b29df541c/GPT-4.5_16.9__1_.png,Introducing GPT-4.5
5,6,https://openai.com/index/deep-research-system-card/,https://images.ctfassets.net/kftzwdyauwt9/1i1T9bYgnshvCxHFaxeI07/62924047dcc3a007476db11c9d623705/LHT_System_Card_1.1.png,Deep research System Card
6,7,https://openai.com/global-affairs/disrupting-malicious-uses-of-ai/,https://images.ctfassets.net/kftzwdyauwt9/4lxaq8X4ihyrElrJn7sxf/9b9e44cb76bac30f11ea9e6571a050ab/Blog_Threat_Report_1.1.png,Disrupting malicious uses of AI
7,8,https://openai.com/index/openai-and-guardian-media-group-launch-content-partnership/,https://images.ctfassets.net/kftzwdyauwt9/27rhUVIvLzrQQV0v3Jd6pb/3c61a470a4211ac8156b89856b7ba91c/The_Guardian_1.1.png,OpenAI and Guardian Media Group launch content partnership
8,9,https://openai.com/index/sharing-the-latest-model-spec/,https://images.ctfassets.net/kftzwdyauwt9/28F67zz5AlWxB55evPfpSH/10051356a9c2ab614e0d9d1cac48170b/Web_Card_1.1.png,Sharing the latest Model Spec
